order_id,customer_id,order_status,ordered_at
1,11,placed,2025-04-02 18:26:00
2,89,placed,2024-04-28 13:04:00
3,54,shipped,2024-04-19 02:11:00
4,54,placed,2024-10-04 15:54:00
5,50,delivered,2025-03-02 14:20:00
6,3,delivered,2024-10-26 23:44:00
7,49,delivered,2025-01-26 19:39:00
8,39,delivered,2025-04-27 12:00:00
9,69,delivered,2025-03-12 14:18:00
10,115,shipped,2024-10-06 20:35:00
11,56,delivered,2024-04-22 09:18:00
12,86,delivered,2024-07-18 11:28:00
13,108,delivered,2024-07-26 05:38:00
14,69,placed,2024-03-06 21:14:00
15,73,delivered,2024-07-20 20:12:00
16,55,placed,2024-02-12 21:56:00
17,7,shipped,2024-08-24 06:12:00
18,59,shipped,2024-06-16 07:13:00
19,36,delivered,2025-01-24 12:56:00
20,33,delivered,2025-03-01 14:23:00
21,96,delivered,2024-08-28 00:39:00
22,29,delivered,2025-05-02 11:56:00
23,6,delivered,2025-02-03 22:14:00
24,26,delivered,2025-05-01 08:26:00
25,31,placed,2024-11-14 05:12:00
26,73,delivered,2024-12-08 03:54:00
27,33,delivered,2024-08-26 23:52:00
28,78,cancelled,2024-03-26 20:40:00
29,100,delivered,2025-01-02 03:54:00
30,14,delivered,2025-05-08 10:37:00
31,74,delivered,2025-04-20 10:38:00
32,51,delivered,2025-05-05 12:48:00
33,76,delivered,2024-04-11 02:35:00
34,14,delivered,2024-11-17 08:17:00
35,77,delivered,2024-06-03 23:21:00
36,101,placed,2025-02-11 19:19:00
37,85,shipped,2024-09-29 14:37:00
38,44,placed,2024-09-16 22:06:00
39,14,shipped,2024-08-03 16:43:00
40,115,delivered,2024-07-04 21:41:00
41,56,placed,2024-12-28 05:13:00
42,35,delivered,2024-09-24 22:12:00
43,100,delivered,2025-04-15 18:22:00
44,35,shipped,2024-08-11 20:13:00
45,36,delivered,2024-05-05 02:57:00
46,73,delivered,2024-05-04 15:51:00
47,4,delivered,2024-07-13 11:28:00
48,63,shipped,2024-06-15 06:12:00
49,44,shipped,2025-02-12 08:49:00
50,113,shipped,2024-11-01 23:56:00
51,25,placed,2024-01-06 17:38:00
52,63,delivered,2025-01-03 13:52:00
53,61,delivered,2024-05-03 23:34:00
54,102,placed,2024-09-08 15:17:00
55,52,delivered,2024-05-30 07:33:00
56,75,shipped,2024-06-05 22:39:00
57,45,shipped,2024-10-10 18:07:00
58,43,shipped,2025-01-16 18:47:00
59,40,shipped,2024-08-20 09:14:00
60,41,placed,2024-03-02 06:34:00
61,24,placed,2024-10-01 23:33:00
62,36,delivered,2025-01-13 16:31:00
63,77,shipped,2025-05-15 17:54:00
64,38,shipped,2024-02-21 06:37:00
65,2,delivered,2024-04-01 10:19:00
66,6,cancelled,2024-03-05 09:21:00
67,90,delivered,2024-10-10 09:58:00
68,14,delivered,2024-11-22 16:45:00
69,61,delivered,2024-10-20 09:42:00
70,7,shipped,2024-06-23 06:17:00
71,15,delivered,2025-03-17 16:18:00
72,10,delivered,2024-07-24 16:47:00
73,20,placed,2024-12-17 01:49:00
74,11,cancelled,2024-10-15 10:22:00
75,98,shipped,2024-03-01 19:02:00
76,29,delivered,2024-11-01 21:06:00
77,117,shipped,2024-07-13 15:22:00
78,55,shipped,2025-03-16 20:05:00
79,79,cancelled,2024-11-13 02:03:00
80,81,shipped,2024-02-20 07:05:00
81,21,shipped,2024-12-04 02:46:00
82,21,placed,2024-10-09 02:33:00
83,77,delivered,2024-08-18 23:31:00
84,37,delivered,2024-01-17 07:54:00
85,10,delivered,2024-12-25 15:29:00
86,101,delivered,2025-04-18 09:01:00
87,103,delivered,2024-10-28 22:34:00
88,70,shipped,2024-08-05 03:55:00
89,106,placed,2024-03-17 09:04:00
90,102,shipped,2024-01-31 05:39:00
91,118,shipped,2025-01-18 19:25:00
92,89,shipped,2024-03-04 15:59:00
93,65,delivered,2024-07-25 09:17:00
94,77,placed,2024-08-12 02:44:00
95,78,shipped,2024-08-09 11:00:00
96,87,delivered,2024-02-16 07:48:00
97,3,cancelled,2024-10-21 20:02:00
98,74,placed,2024-12-10 09:11:00
99,61,delivered,2025-01-22 05:58:00
100,24,cancelled,2024-08-14 09:29:00
101,105,delivered,2024-08-11 21:40:00
102,45,shipped,2024-02-16 16:02:00
103,14,delivered,2024-06-13 22:52:00
104,89,delivered,2024-06-17 14:03:00
105,105,delivered,2024-12-05 13:40:00
106,12,shipped,2024-01-19 15:31:00
107,99,shipped,2024-06-14 03:57:00
108,85,delivered,2024-09-20 00:02:00
109,7,placed,2024-08-24 14:06:00
110,97,delivered,2024-07-04 21:15:00
111,27,shipped,2024-08-14 01:45:00
112,57,delivered,2024-03-08 09:49:00
113,4,cancelled,2024-09-05 04:08:00
114,91,placed,2024-11-07 08:10:00
115,71,shipped,2024-10-09 00:28:00
116,60,delivered,2024-04-25 03:52:00
117,64,delivered,2024-11-27 05:15:00
118,91,shipped,2024-05-29 17:22:00
119,61,shipped,2025-03-03 16:28:00
120,50,placed,2024-10-09 04:56:00
121,96,delivered,2024-11-02 17:20:00
122,36,delivered,2025-03-18 02:22:00
123,44,delivered,2025-03-13 14:09:00
124,106,placed,2024-09-16 09:07:00
125,108,delivered,2025-01-06 10:11:00
126,111,placed,2024-12-03 16:42:00
127,45,shipped,2024-10-02 16:31:00
128,49,delivered,2025-01-25 18:32:00
129,90,shipped,2024-06-13 06:26:00
130,110,delivered,2024-07-15 07:58:00
131,96,delivered,2024-01-23 10:51:00
132,50,cancelled,2025-04-12 13:00:00
133,20,delivered,2025-02-09 22:15:00
134,65,cancelled,2024-01-19 04:18:00
135,112,delivered,2024-06-18 03:25:00
136,117,delivered,2024-02-21 17:57:00
137,53,delivered,2025-01-04 04:55:00
138,10,delivered,2025-05-11 05:16:00
139,44,delivered,2025-05-11 09:02:00
140,11,delivered,2024-07-22 22:10:00
141,110,delivered,2025-03-12 23:01:00
142,81,delivered,2025-05-03 10:48:00
143,112,delivered,2025-01-23 16:39:00
144,31,delivered,2024-11-12 02:20:00
145,30,delivered,2025-04-16 09:48:00
146,98,delivered,2024-08-10 03:21:00
147,57,placed,2025-03-22 03:25:00
148,6,shipped,2024-06-02 00:59:00
149,46,shipped,2024-01-29 10:00:00
150,68,shipped,2024-03-15 08:20:00
151,22,placed,2024-12-15 06:08:00
152,80,delivered,2024-11-08 13:03:00
153,19,shipped,2024-09-11 19:54:00
154,59,shipped,2024-11-22 08:40:00
155,116,shipped,2024-01-05 15:52:00
156,10,shipped,2024-10-06 05:23:00
157,39,delivered,2024-06-25 20:03:00
158,33,delivered,2024-08-05 23:33:00
159,50,delivered,2024-06-03 06:47:00
160,49,delivered,2024-02-24 08:05:00
161,90,shipped,2024-10-21 10:05:00
162,51,shipped,2025-05-15 22:28:00
163,100,delivered,2024-10-16 23:24:00
164,96,delivered,2024-01-26 20:41:00
165,100,delivered,2025-04-07 09:46:00
166,29,delivered,2024-11-06 12:01:00
167,87,delivered,2024-11-13 08:33:00
168,88,delivered,2025-01-27 22:30:00
169,116,delivered,2024-11-17 03:18:00
170,101,shipped,2024-01-21 10:32:00
171,94,placed,2024-10-23 12:27:00
172,42,delivered,2025-04-10 10:04:00
173,17,delivered,2024-03-30 06:51:00
174,68,delivered,2025-03-24 12:29:00
175,33,delivered,2024-05-19 05:36:00
176,104,shipped,2025-04-28 16:26:00
177,103,placed,2025-03-21 11:33:00
178,19,delivered,2025-05-08 02:34:00
179,93,delivered,2024-04-25 23:05:00
180,47,placed,2024-07-22 19:01:00
181,34,delivered,2024-07-21 00:28:00
182,87,delivered,2024-08-20 12:34:00
183,49,delivered,2024-05-14 19:57:00
184,14,delivered,2025-04-26 12:40:00
185,80,delivered,2024-08-29 00:51:00
186,118,delivered,2024-10-14 11:11:00
187,82,delivered,2024-11-27 02:09:00
188,39,delivered,2025-04-10 23:55:00
189,6,delivered,2024-02-29 04:46:00
190,15,placed,2024-06-04 16:48:00
191,18,shipped,2025-03-30 18:20:00
192,96,delivered,2024-07-08 22:53:00
193,76,delivered,2024-10-03 14:18:00
194,84,placed,2024-03-20 14:09:00
195,53,delivered,2024-09-07 21:00:00
196,89,shipped,2024-05-23 01:07:00
197,31,delivered,2024-08-15 15:10:00
198,48,delivered,2024-02-20 23:24:00
199,46,placed,2025-05-15 22:00:00
200,16,delivered,2024-05-21 06:28:00
201,12,delivered,2025-02-25 15:31:00
202,77,cancelled,2024-11-24 21:49:00
203,32,cancelled,2024-01-26 11:23:00
204,27,placed,2025-02-06 19:16:00
205,27,delivered,2025-01-26 18:55:00
206,43,delivered,2025-02-20 07:57:00
207,1,shipped,2025-02-07 20:20:00
208,70,shipped,2024-03-15 04:26:00
209,85,delivered,2024-03-30 03:45:00
210,46,delivered,2024-03-08 00:30:00
211,42,placed,2024-05-01 20:05:00
212,17,delivered,2024-05-15 01:47:00
213,96,placed,2024-09-26 03:52:00
214,66,delivered,2024-08-17 12:21:00
215,29,delivered,2024-08-19 17:11:00
216,67,shipped,2024-01-23 22:29:00
217,8,cancelled,2024-11-25 01:03:00
218,55,delivered,2025-03-09 13:42:00
219,10,delivered,2024-09-08 15:08:00
220,19,placed,2024-06-13 20:45:00
221,82,delivered,2024-05-20 21:18:00
222,49,cancelled,2024-12-30 11:05:00
223,59,delivered,2024-09-28 10:03:00
224,102,delivered,2024-08-08 03:23:00
225,84,delivered,2025-03-12 22:20:00
226,56,delivered,2024-10-09 07:20:00
227,44,delivered,2024-04-26 14:07:00
228,94,placed,2024-07-23 14:11:00
229,86,shipped,2024-08-06 10:40:00
230,88,delivered,2025-05-03 05:12:00
231,107,placed,2024-02-04 03:06:00
232,96,delivered,2024-08-09 03:17:00
233,72,placed,2025-02-19 04:26:00
234,72,shipped,2025-05-04 19:10:00
235,46,delivered,2024-03-03 14:01:00
236,112,delivered,2025-04-26 14:26:00
237,77,shipped,2024-01-27 09:49:00
238,65,shipped,2024-02-23 19:43:00
239,29,delivered,2024-12-02 16:27:00
240,48,placed,2024-06-28 18:59:00
241,29,delivered,2024-05-22 19:35:00
242,99,delivered,2025-03-08 19:08:00
243,83,delivered,2024-11-10 23:02:00
244,107,delivered,2024-11-07 22:27:00
245,35,delivered,2024-01-15 06:09:00
246,45,placed,2024-06-07 11:35:00
247,73,delivered,2025-03-21 04:53:00
248,95,delivered,2024-02-05 04:50:00
249,96,delivered,2024-01-16 03:07:00
250,59,shipped,2024-07-11 14:19:00
251,93,shipped,2024-07-08 10:38:00
252,77,placed,2025-04-27 19:22:00
253,21,delivered,2024-01-27 05:18:00
254,11,shipped,2024-01-26 23:00:00
255,63,delivered,2024-12-04 14:28:00
256,28,delivered,2024-07-31 09:19:00
257,56,placed,2024-02-28 11:46:00
258,76,delivered,2024-12-13 23:09:00
259,6,shipped,2024-12-07 10:31:00
260,1,shipped,2024-11-02 01:52:00
261,99,placed,2025-04-29 07:12:00
262,42,placed,2024-05-10 09:52:00
263,23,placed,2024-09-11 14:41:00
264,65,delivered,2024-09-29 07:51:00
265,10,shipped,2024-12-08 12:05:00
266,56,placed,2025-01-14 01:26:00
267,111,shipped,2025-04-16 02:39:00
268,52,delivered,2024-08-07 19:34:00
269,15,shipped,2024-08-01 09:52:00
270,22,delivered,2025-05-09 11:05:00
271,107,delivered,2024-11-12 15:42:00
272,56,delivered,2024-07-04 03:00:00
273,76,shipped,2024-05-04 14:52:00
274,112,shipped,2024-02-10 13:30:00
275,43,delivered,2024-06-22 07:33:00
276,82,placed,2024-02-09 17:25:00
277,116,delivered,2024-09-18 06:37:00
278,105,placed,2024-06-28 22:01:00
279,33,placed,2024-02-22 04:59:00
280,98,delivered,2024-11-04 05:13:00
281,99,delivered,2024-02-08 06:02:00
282,98,delivered,2024-08-25 19:14:00
283,83,delivered,2024-12-14 19:16:00
284,111,cancelled,2024-11-15 11:01:00
285,57,placed,2024-06-10 05:09:00
286,39,delivered,2024-08-14 21:33:00
287,46,delivered,2024-10-29 01:55:00
288,58,placed,2024-06-07 15:45:00
289,10,delivered,2024-07-07 09:47:00
290,79,delivered,2025-05-15 03:04:00
291,75,delivered,2024-07-15 15:47:00
292,58,delivered,2025-02-09 01:24:00
293,25,shipped,2024-10-19 22:14:00
294,20,cancelled,2024-08-31 17:06:00
295,104,delivered,2024-08-18 03:31:00
296,65,delivered,2024-06-24 02:52:00
297,91,shipped,2024-01-21 08:27:00
298,67,delivered,2024-08-12 17:53:00
299,118,shipped,2024-07-05 12:43:00
300,87,delivered,2024-07-28 11:32:00
301,83,shipped,2025-02-08 21:32:00
302,72,delivered,2024-06-17 03:13:00
303,93,delivered,2024-05-25 08:36:00
304,112,placed,2025-05-08 20:34:00
305,85,placed,2024-02-11 19:53:00
306,84,delivered,2024-06-28 10:35:00
307,77,delivered,2024-07-19 04:24:00
308,72,shipped,2024-02-13 10:34:00
309,105,placed,2025-02-09 11:12:00
310,117,delivered,2024-12-25 23:23:00
311,55,delivered,2024-11-26 22:53:00
312,40,placed,2024-01-10 12:22:00
313,99,delivered,2024-04-19 11:39:00
314,20,placed,2024-04-25 04:41:00
315,65,delivered,2025-03-08 03:27:00
316,5,delivered,2025-03-03 17:58:00
317,17,delivered,2025-03-24 21:05:00
318,24,delivered,2024-03-19 05:32:00
319,104,delivered,2025-01-29 21:19:00
320,6,shipped,2025-01-04 14:56:00
321,57,delivered,2024-12-12 08:06:00
322,30,delivered,2025-01-20 15:19:00
323,116,delivered,2024-06-07 16:00:00
324,74,cancelled,2024-07-07 23:09:00
325,100,shipped,2024-08-24 09:37:00
326,21,delivered,2024-09-27 14:17:00
327,18,delivered,2025-02-14 20:38:00
328,62,delivered,2024-01-27 21:53:00
329,92,delivered,2024-10-10 03:30:00
330,37,placed,2025-03-11 04:15:00
331,58,delivered,2024-03-23 09:18:00
332,12,delivered,2024-03-16 14:55:00
333,114,shipped,2024-04-23 15:23:00
334,7,shipped,2024-01-14 14:09:00
335,50,cancelled,2024-07-10 08:02:00
336,4,shipped,2024-07-10 07:39:00
337,43,delivered,2024-02-20 22:11:00
338,37,delivered,2024-03-11 01:18:00
339,107,placed,2024-08-29 23:45:00
340,58,delivered,2024-12-27 16:00:00
341,3,shipped,2025-04-08 02:42:00
342,71,delivered,2025-03-03 05:06:00
343,55,placed,2024-11-07 18:00:00
344,39,placed,2024-05-27 08:06:00
345,82,delivered,2024-05-02 14:19:00
346,15,delivered,2024-08-22 02:08:00
347,69,placed,2024-09-12 20:22:00
348,31,delivered,2024-09-20 19:37:00
349,1,delivered,2024-05-29 14:39:00
350,54,placed,2024-05-03 19:28:00
351,68,cancelled,2024-12-08 02:55:00
352,70,delivered,2024-02-04 17:57:00
353,3,shipped,2024-09-16 18:54:00
354,82,shipped,2024-08-28 01:29:00
355,96,placed,2024-07-10 08:39:00
356,45,shipped,2025-02-07 02:18:00
357,14,delivered,2024-12-02 21:26:00
358,18,placed,2025-01-11 11:20:00
359,105,delivered,2024-10-06 11:33:00
360,60,cancelled,2025-03-01 23:22:00
361,24,delivered,2024-09-02 21:33:00
362,5,shipped,2024-02-02 15:37:00
363,114,placed,2024-01-23 06:48:00
364,66,shipped,2025-04-22 10:35:00
365,61,shipped,2025-02-21 18:32:00
366,25,shipped,2025-01-20 22:04:00
367,111,delivered,2025-03-17 01:37:00
368,103,shipped,2024-05-19 04:14:00
369,96,shipped,2025-03-31 13:39:00
370,44,cancelled,2025-05-04 13:11:00
371,64,shipped,2024-09-11 23:37:00
372,35,delivered,2025-02-12 17:43:00
373,11,shipped,2025-01-07 14:29:00
374,70,shipped,2025-02-25 06:09:00
375,42,delivered,2024-02-22 02:43:00
376,78,delivered,2024-06-05 15:13:00
377,57,shipped,2024-03-26 23:32:00
378,79,cancelled,2024-01-22 12:02:00
379,102,delivered,2024-05-20 21:49:00
380,82,shipped,2024-02-08 22:54:00
381,21,cancelled,2024-09-19 23:11:00
382,87,delivered,2024-03-14 20:44:00
383,9,shipped,2024-01-18 04:18:00
384,47,shipped,2024-11-26 12:30:00
385,78,placed,2024-10-17 01:06:00
386,48,shipped,2024-08-18 12:39:00
387,18,delivered,2024-02-09 19:35:00
388,84,shipped,2024-07-22 10:43:00
389,4,delivered,2025-05-06 03:52:00
390,50,delivered,2024-09-12 17:40:00
391,100,shipped,2024-03-01 08:56:00
392,79,shipped,2024-08-16 07:19:00
393,26,placed,2025-04-14 16:45:00
394,58,placed,2025-03-12 02:31:00
395,12,delivered,2024-12-31 15:11:00
396,86,shipped,2025-05-10 10:54:00
397,70,shipped,2024-02-03 18:46:00
398,92,delivered,2024-06-02 05:22:00
399,23,delivered,2024-12-24 21:46:00
400,16,cancelled,2024-09-17 07:39:00
401,31,delivered,2025-02-09 04:44:00
402,71,delivered,2024-01-14 12:19:00
403,17,delivered,2024-08-27 18:49:00
404,40,shipped,2024-02-14 02:14:00
405,68,shipped,2025-01-02 16:20:00
406,10,placed,2024-07-28 19:37:00
407,10,shipped,2024-06-11 21:55:00
408,45,placed,2024-12-14 17:39:00
409,82,delivered,2025-02-28 18:49:00
410,56,delivered,2025-01-28 04:24:00
411,107,placed,2025-03-20 01:53:00
412,22,placed,2024-03-19 10:22:00
413,45,delivered,2025-04-23 07:41:00
414,109,placed,2024-09-22 09:41:00
415,71,shipped,2024-04-10 21:40:00
416,79,delivered,2024-11-16 10:20:00
417,22,delivered,2024-09-14 21:52:00
418,22,delivered,2024-10-24 05:15:00
419,44,delivered,2025-01-03 20:39:00
420,106,delivered,2024-10-15 01:24:00
421,83,delivered,2024-02-11 01:33:00
422,27,delivered,2024-05-15 22:13:00
423,82,placed,2024-08-01 21:05:00
424,70,shipped,2025-03-31 21:24:00
425,62,shipped,2025-05-04 10:18:00
426,52,shipped,2025-02-17 23:22:00
427,8,placed,2024-02-07 23:30:00
428,60,shipped,2024-07-31 16:31:00
429,41,delivered,2024-11-06 04:54:00
430,52,placed,2024-06-12 11:47:00
431,72,placed,2024-07-08 17:34:00
432,16,shipped,2024-05-03 15:55:00
433,13,placed,2024-05-06 04:48:00
434,111,delivered,2025-04-29 13:06:00
435,105,shipped,2024-05-07 05:27:00
436,25,delivered,2024-10-22 10:40:00
437,60,delivered,2024-09-12 17:34:00
438,3,placed,2024-06-06 16:58:00
439,59,cancelled,2024-07-20 17:15:00
440,46,placed,2024-04-20 19:54:00
441,77,delivered,2024-05-24 16:53:00
442,61,shipped,2024-11-30 22:57:00
443,56,placed,2024-01-05 03:40:00
444,98,shipped,2024-05-15 12:29:00
445,7,delivered,2024-01-24 13:40:00
446,71,shipped,2024-04-09 12:22:00
447,58,delivered,2024-07-16 17:12:00
448,88,delivered,2024-05-23 21:16:00
449,51,shipped,2024-03-06 03:18:00
450,47,delivered,2024-06-22 19:02:00
451,66,shipped,2024-04-11 20:33:00
452,5,placed,2024-01-21 01:32:00
453,67,delivered,2024-06-19 16:10:00
454,18,shipped,2024-11-06 17:35:00
455,21,shipped,2024-11-09 10:52:00
456,76,shipped,2024-11-11 10:12:00
457,69,delivered,2025-02-28 17:23:00
458,61,delivered,2024-10-15 10:13:00
459,87,placed,2024-07-07 11:18:00
460,40,delivered,2024-08-01 19:55:00
461,81,placed,2025-01-06 23:29:00
462,84,delivered,2024-08-30 09:03:00
463,74,shipped,2025-02-01 19:44:00
464,62,placed,2024-01-27 19:55:00
465,100,delivered,2024-11-18 21:09:00
466,32,placed,2024-03-16 23:14:00
467,15,placed,2025-04-30 23:54:00
468,54,placed,2024-08-13 10:42:00
469,53,delivered,2024-12-19 06:57:00
470,112,delivered,2024-11-09 16:05:00
471,91,placed,2025-01-07 02:07:00
472,42,cancelled,2024-04-16 19:08:00
473,49,shipped,2024-09-01 17:56:00
474,117,delivered,2024-03-29 15:41:00
475,87,delivered,2024-10-06 12:05:00
476,83,delivered,2025-01-04 23:14:00
477,62,placed,2024-05-15 20:49:00
478,72,shipped,2024-05-06 09:31:00
479,99,shipped,2025-04-27 10:09:00
480,91,delivered,2024-04-16 23:33:00
481,72,delivered,2024-09-02 11:54:00
482,37,placed,2025-02-11 09:20:00
483,49,delivered,2024-12-12 18:32:00
484,99,delivered,2024-07-21 11:46:00
485,37,cancelled,2024-05-28 01:26:00
486,119,shipped,2024-02-10 11:49:00
487,28,shipped,2024-05-11 16:21:00
488,120,delivered,2024-10-02 09:15:00
489,14,delivered,2024-05-19 04:41:00
490,32,placed,2024-10-27 08:10:00
491,29,delivered,2025-04-08 18:07:00
492,53,shipped,2024-01-27 03:25:00
493,88,delivered,2024-08-29 03:25:00
494,119,placed,2024-01-03 18:47:00
495,62,delivered,2024-11-30 16:14:00
496,42,shipped,2025-01-22 09:48:00
497,84,delivered,2024-01-31 03:03:00
498,117,delivered,2024-09-30 01:16:00
499,120,delivered,2024-08-01 06:00:00
500,101,delivered,2025-03-04 13:33:00
501,113,placed,2025-04-24 09:52:00
502,78,placed,2024-06-01 19:23:00
503,59,cancelled,2024-06-20 09:42:00
504,64,delivered,2024-10-05 17:53:00
505,60,shipped,2024-03-09 17:12:00
506,43,placed,2025-02-18 03:50:00
507,33,delivered,2024-08-22 22:07:00
508,102,shipped,2024-01-08 11:30:00
509,23,delivered,2024-12-11 06:35:00
510,106,shipped,2024-11-23 13:50:00
511,52,delivered,2024-06-16 02:57:00
512,62,shipped,2024-04-04 04:47:00
513,34,shipped,2024-05-07 00:13:00
514,43,shipped,2024-08-16 09:06:00
515,2,shipped,2025-01-05 19:33:00
516,31,placed,2024-07-03 23:38:00
517,40,placed,2024-03-01 15:53:00
518,119,delivered,2024-12-17 17:09:00
519,89,placed,2024-12-26 10:36:00
520,48,delivered,2025-04-14 10:04:00
521,62,placed,2024-04-22 04:33:00
522,48,shipped,2025-01-17 20:40:00
523,97,delivered,2024-10-08 16:04:00
524,98,shipped,2024-12-06 07:27:00
525,112,delivered,2025-01-21 20:20:00
526,68,delivered,2024-09-26 15:14:00
527,15,placed,2024-02-09 19:15:00
528,26,delivered,2024-10-07 17:15:00
529,42,delivered,2024-03-17 05:36:00
530,88,shipped,2024-08-14 03:58:00
531,12,delivered,2024-10-25 16:41:00
532,59,placed,2024-08-16 01:53:00
533,73,placed,2024-07-31 15:35:00
534,104,shipped,2024-08-24 22:57:00
535,33,delivered,2024-01-12 13:30:00
536,75,placed,2025-01-16 07:26:00
537,90,placed,2024-08-04 11:45:00
538,120,delivered,2024-01-31 02:21:00
539,24,delivered,2024-05-26 13:57:00
540,94,delivered,2025-01-27 21:53:00
541,115,shipped,2024-08-03 12:46:00
542,49,placed,2025-03-21 12:53:00
543,112,delivered,2025-05-08 22:35:00
544,16,placed,2024-11-30 11:52:00
545,68,placed,2024-10-02 13:24:00
546,97,placed,2024-04-24 00:07:00
547,87,delivered,2024-06-01 15:48:00
548,49,delivered,2024-08-05 18:09:00
549,45,placed,2024-05-06 15:43:00
550,5,delivered,2024-04-06 03:51:00
551,99,delivered,2024-08-02 20:59:00
552,31,shipped,2025-03-31 00:32:00
553,5,shipped,2024-02-21 20:16:00
554,32,delivered,2024-12-10 01:39:00
555,30,delivered,2024-07-24 14:58:00
556,18,delivered,2025-01-21 01:55:00
557,105,delivered,2024-05-28 07:59:00
558,74,delivered,2024-10-21 10:53:00
559,31,shipped,2024-12-10 10:56:00
560,67,shipped,2024-03-14 22:32:00
561,8,delivered,2024-06-02 09:23:00
562,81,delivered,2024-10-29 05:58:00
563,7,cancelled,2024-10-11 16:55:00
564,86,shipped,2025-04-27 21:57:00
565,90,shipped,2024-09-25 10:52:00
566,49,placed,2024-03-17 10:14:00
567,31,delivered,2024-10-02 16:09:00
568,104,delivered,2024-06-02 04:55:00
569,53,cancelled,2024-01-30 19:11:00
570,18,shipped,2024-10-12 18:05:00
571,43,delivered,2024-05-10 06:56:00
572,109,shipped,2025-04-17 15:21:00
573,7,shipped,2024-10-01 06:30:00
574,78,placed,2024-12-10 20:38:00
575,103,delivered,2024-02-07 06:25:00
576,72,shipped,2025-01-05 22:55:00
577,39,cancelled,2024-04-16 11:21:00
578,120,placed,2024-01-08 07:13:00
579,96,cancelled,2025-01-14 04:00:00
580,90,delivered,2024-09-02 08:16:00
581,118,shipped,2024-04-14 13:32:00
582,49,delivered,2024-06-13 09:39:00
583,40,shipped,2024-11-28 12:15:00
584,60,placed,2024-09-19 16:58:00
585,98,delivered,2025-01-04 16:01:00
586,48,shipped,2025-04-13 06:56:00
587,111,shipped,2024-01-24 19:12:00
588,34,delivered,2024-03-15 00:33:00
589,93,shipped,2024-10-26 19:46:00
590,43,shipped,2024-03-19 06:41:00
591,64,delivered,2024-10-18 08:23:00
592,44,shipped,2025-04-28 23:22:00
593,93,delivered,2025-02-24 16:40:00
594,22,delivered,2024-09-08 15:43:00
595,18,delivered,2024-06-29 05:46:00
596,118,delivered,2024-09-07 06:16:00
597,68,placed,2024-11-24 02:00:00
598,105,delivered,2025-03-09 02:32:00
599,53,placed,2025-01-26 00:13:00
600,9,delivered,2024-11-18 07:53:00
601,65,delivered,2024-01-05 07:27:00
602,82,delivered,2024-01-31 21:05:00
603,85,delivered,2024-11-11 16:29:00
604,71,shipped,2024-01-04 18:09:00
605,93,shipped,2024-01-09 18:04:00
606,3,delivered,2025-05-15 09:47:00
607,56,delivered,2024-12-23 23:00:00
608,14,delivered,2025-04-10 06:07:00
609,31,placed,2024-09-25 05:04:00
610,105,shipped,2024-09-26 08:36:00
611,11,shipped,2025-02-11 13:32:00
612,73,shipped,2024-07-26 15:40:00
613,39,delivered,2024-12-22 07:42:00
614,84,cancelled,2025-03-10 02:45:00
615,12,shipped,2024-11-28 01:04:00
616,61,placed,2024-07-12 18:51:00
617,22,placed,2024-01-05 23:59:00
618,83,delivered,2025-03-08 14:48:00
619,115,delivered,2024-10-16 03:15:00
620,28,delivered,2024-01-22 07:50:00
621,61,shipped,2024-12-20 19:20:00
622,88,delivered,2025-04-18 02:32:00
623,73,delivered,2025-04-05 18:32:00
624,3,cancelled,2024-04-01 10:44:00
625,97,delivered,2024-10-27 04:55:00
626,119,placed,2025-02-24 13:35:00
627,31,delivered,2024-03-24 19:14:00
628,87,delivered,2025-03-10 13:16:00
629,97,delivered,2024-06-18 13:06:00
630,93,placed,2025-02-08 23:31:00
631,7,placed,2025-01-16 11:48:00
632,44,delivered,2024-04-28 02:35:00
633,51,cancelled,2024-11-10 20:19:00
634,82,shipped,2024-06-16 01:00:00
635,30,shipped,2024-08-18 16:44:00
636,56,placed,2025-04-26 12:48:00
637,49,placed,2024-10-26 22:33:00
638,103,shipped,2024-11-12 10:04:00
639,35,placed,2024-02-07 02:48:00
640,20,delivered,2024-12-30 21:38:00
641,14,placed,2024-06-11 12:18:00
642,57,shipped,2025-04-27 10:31:00
643,17,placed,2024-05-18 03:29:00
644,72,delivered,2024-08-08 15:19:00
645,4,placed,2024-07-27 03:31:00
646,77,delivered,2024-10-10 03:10:00
647,2,shipped,2024-06-15 13:08:00
648,93,delivered,2024-07-17 02:53:00
649,74,delivered,2025-04-08 08:17:00
650,22,placed,2024-12-16 12:59:00
651,64,placed,2024-06-03 09:09:00
652,36,shipped,2024-03-26 14:50:00
653,47,shipped,2024-09-04 02:37:00
654,64,delivered,2024-05-06 21:20:00
655,14,placed,2024-04-10 15:37:00
656,43,delivered,2024-01-04 13:30:00
657,57,shipped,2024-07-13 11:14:00
658,77,placed,2025-02-21 22:13:00
659,89,shipped,2024-06-13 20:35:00
660,51,cancelled,2024-06-09 06:03:00
661,82,delivered,2024-05-29 23:43:00
662,42,shipped,2024-10-21 08:16:00
663,47,placed,2025-02-22 13:24:00
664,76,cancelled,2024-10-15 06:49:00
665,99,delivered,2024-04-02 23:16:00
666,91,shipped,2025-05-02 15:45:00
667,107,delivered,2025-02-12 09:56:00
668,87,delivered,2025-02-23 13:57:00
669,31,shipped,2024-11-20 10:20:00
670,102,shipped,2024-03-19 14:26:00
671,62,delivered,2024-08-17 20:24:00
672,119,delivered,2024-09-30 17:17:00
673,70,placed,2024-12-20 14:16:00
674,90,delivered,2025-05-10 12:16:00
675,82,delivered,2024-10-01 20:16:00
676,85,delivered,2024-02-25 08:28:00
677,79,placed,2024-03-26 22:05:00
678,83,shipped,2024-11-26 23:07:00
679,102,shipped,2025-01-20 11:19:00
680,34,shipped,2024-01-06 03:21:00
681,72,delivered,2025-01-17 17:42:00
682,58,shipped,2024-10-21 07:32:00
683,76,delivered,2024-08-25 23:11:00
684,4,delivered,2024-03-18 11:46:00
685,118,cancelled,2024-05-31 14:11:00
686,45,shipped,2024-02-29 04:50:00
687,67,delivered,2024-08-21 07:03:00
688,57,delivered,2024-08-31 03:19:00
689,9,shipped,2024-08-19 10:53:00
690,3,delivered,2025-02-18 03:55:00
691,87,delivered,2024-11-27 03:43:00
692,67,placed,2025-04-21 08:19:00
693,72,shipped,2024-03-22 11:17:00
694,103,shipped,2024-08-24 07:54:00
695,82,delivered,2024-04-04 06:21:00
696,95,delivered,2024-07-21 00:59:00
697,76,shipped,2024-04-11 15:20:00
698,27,shipped,2024-01-03 07:19:00
699,74,placed,2024-12-26 02:08:00
700,24,shipped,2025-03-22 18:19:00
701,15,shipped,2024-04-10 15:37:00
702,68,cancelled,2025-03-17 16:42:00
703,50,delivered,2024-06-09 20:22:00
704,45,shipped,2024-10-27 03:53:00
705,23,delivered,2024-08-22 21:04:00
706,118,delivered,2024-12-27 10:09:00
707,18,shipped,2024-02-13 22:56:00
708,15,placed,2024-05-02 10:25:00
709,66,shipped,2024-12-21 04:49:00
710,74,shipped,2024-11-01 04:42:00
711,82,delivered,2024-04-05 16:36:00
712,120,cancelled,2025-04-15 22:01:00
713,63,shipped,2024-10-11 05:41:00
714,108,delivered,2024-04-05 10:44:00
715,2,delivered,2024-01-28 12:15:00
716,72,delivered,2024-04-09 13:06:00
717,88,delivered,2024-09-10 13:57:00
718,63,placed,2024-12-29 15:09:00
719,102,delivered,2024-10-16 01:03:00
720,36,shipped,2024-05-29 01:06:00
721,100,delivered,2024-05-27 05:44:00
722,71,delivered,2025-01-15 16:54:00
723,35,delivered,2024-10-20 03:53:00
724,70,delivered,2025-02-25 12:31:00
725,70,shipped,2024-01-22 15:03:00
726,95,delivered,2024-08-05 03:29:00
727,39,delivered,2025-01-19 08:26:00
728,34,shipped,2024-01-17 15:21:00
729,57,delivered,2025-02-22 02:58:00
730,27,delivered,2024-03-01 08:05:00
731,45,delivered,2024-10-28 23:31:00
732,55,placed,2024-11-08 21:35:00
733,105,shipped,2024-03-12 07:03:00
734,45,delivered,2024-01-31 19:27:00
735,22,shipped,2024-11-01 18:23:00
736,38,delivered,2024-12-26 09:59:00
737,116,delivered,2025-05-02 17:33:00
738,97,delivered,2024-02-18 04:37:00
739,36,delivered,2025-04-15 02:01:00
740,111,placed,2024-03-05 23:56:00
741,107,shipped,2024-03-15 10:59:00
742,51,delivered,2025-03-07 23:04:00
743,35,delivered,2024-10-22 21:35:00
744,10,delivered,2024-07-11 15:25:00
745,52,delivered,2025-03-26 03:10:00
746,120,delivered,2024-05-22 23:42:00
747,42,delivered,2024-08-20 16:39:00
748,94,cancelled,2025-03-20 03:10:00
749,90,shipped,2024-11-21 22:40:00
750,51,shipped,2024-02-02 18:14:00
751,64,shipped,2024-08-07 07:13:00
752,44,delivered,2025-02-28 09:40:00
753,110,delivered,2024-03-07 19:19:00
754,98,placed,2024-06-24 23:17:00
755,101,delivered,2024-02-20 21:22:00
756,119,delivered,2024-01-09 04:14:00
757,1,cancelled,2024-08-13 15:34:00
758,89,delivered,2024-08-07 06:54:00
759,39,placed,2025-03-27 22:11:00
760,12,delivered,2025-04-22 09:21:00
761,48,delivered,2024-05-08 02:48:00
762,7,shipped,2024-11-28 05:38:00
763,97,shipped,2024-06-05 23:52:00
764,91,placed,2024-12-01 03:06:00
765,10,placed,2024-04-19 16:16:00
766,88,shipped,2024-04-25 17:43:00
767,44,delivered,2024-01-05 23:44:00
768,89,placed,2025-03-16 14:24:00
769,50,placed,2024-02-06 07:48:00
770,14,shipped,2025-02-16 03:29:00
771,18,shipped,2025-03-27 10:12:00
772,83,cancelled,2025-02-20 04:32:00
773,68,delivered,2024-03-14 02:20:00
774,22,shipped,2024-11-08 22:11:00
775,81,delivered,2025-01-04 07:16:00
776,79,delivered,2025-04-15 14:03:00
777,12,delivered,2025-03-16 07:24:00
778,76,delivered,2024-03-12 04:12:00
779,41,delivered,2024-06-28 14:39:00
780,83,placed,2024-05-06 09:27:00
781,77,delivered,2024-10-10 20:30:00
782,4,delivered,2024-05-25 23:34:00
783,27,delivered,2024-12-03 10:17:00
784,96,shipped,2024-09-17 06:26:00
785,101,delivered,2024-11-26 01:51:00
786,64,shipped,2025-05-03 08:10:00
787,82,delivered,2024-05-03 17:03:00
788,47,delivered,2024-09-27 00:24:00
789,111,delivered,2024-03-08 13:12:00
790,70,delivered,2024-08-03 12:28:00
791,99,placed,2025-01-25 16:04:00
792,2,shipped,2024-10-27 02:18:00
793,102,shipped,2024-01-21 02:03:00
794,92,delivered,2024-05-26 21:27:00
795,90,shipped,2024-07-31 14:27:00
796,69,delivered,2024-11-23 18:18:00
797,40,placed,2024-05-22 02:51:00
798,104,placed,2025-04-16 06:56:00
799,76,delivered,2024-06-16 13:20:00
800,88,delivered,2025-03-03 22:10:00
801,56,delivered,2024-06-07 23:50:00
802,8,shipped,2025-03-09 08:08:00
803,15,delivered,2025-04-18 14:49:00
804,40,delivered,2024-11-07 01:52:00
805,16,placed,2024-12-02 05:59:00
806,2,placed,2024-03-11 23:56:00
807,67,delivered,2025-05-02 11:50:00
808,22,shipped,2025-02-25 08:50:00
809,94,delivered,2025-01-18 09:10:00
810,43,delivered,2025-01-29 01:00:00
811,9,shipped,2024-05-19 17:52:00
812,81,placed,2025-05-14 19:40:00
813,47,placed,2024-08-21 17:26:00
814,22,shipped,2025-03-15 19:20:00
815,115,delivered,2024-05-10 03:30:00
816,30,delivered,2025-01-05 03:56:00
817,110,delivered,2024-01-02 01:30:00
818,61,shipped,2024-05-05 01:34:00
819,23,delivered,2025-04-16 05:07:00
820,71,delivered,2025-03-15 01:12:00
821,54,shipped,2024-12-31 22:22:00
822,118,delivered,2024-05-07 14:12:00
823,74,shipped,2024-05-18 02:39:00
824,116,placed,2024-09-14 22:58:00
825,6,cancelled,2024-04-24 17:36:00
826,111,shipped,2024-02-05 15:52:00
827,42,placed,2025-03-08 10:36:00
828,48,shipped,2024-08-21 00:16:00
829,95,delivered,2024-10-15 10:22:00
830,76,cancelled,2024-08-25 12:34:00
831,94,delivered,2025-01-30 06:40:00
832,20,placed,2025-01-24 08:22:00
833,30,delivered,2024-07-28 00:48:00
834,113,placed,2024-11-21 23:40:00
835,98,delivered,2024-06-20 00:02:00
836,14,shipped,2025-03-10 10:29:00
837,63,cancelled,2024-05-01 14:19:00
838,92,shipped,2025-05-12 04:51:00
839,115,delivered,2024-01-23 07:54:00
840,115,shipped,2024-07-30 23:55:00
841,75,placed,2025-05-13 02:53:00
842,105,shipped,2024-03-09 21:45:00
843,8,shipped,2024-10-30 19:22:00
844,31,shipped,2025-05-08 04:27:00
845,119,delivered,2025-03-11 10:45:00
846,41,delivered,2024-12-24 11:08:00
847,26,placed,2024-04-29 02:32:00
848,14,placed,2025-01-29 19:57:00
849,60,shipped,2024-03-25 15:20:00
850,46,cancelled,2024-03-02 18:17:00
851,40,delivered,2024-04-16 15:25:00
852,12,placed,2025-03-12 04:05:00
853,106,delivered,2024-12-17 10:23:00
854,28,delivered,2024-11-04 01:22:00
855,12,delivered,2024-06-16 05:03:00
856,51,delivered,2025-05-10 12:08:00
857,34,delivered,2024-12-12 10:12:00
858,52,delivered,2024-03-30 01:03:00
859,32,placed,2024-10-11 18:46:00
860,16,placed,2024-02-22 04:46:00
861,17,placed,2025-03-01 07:35:00
862,88,delivered,2024-07-24 12:42:00
863,75,delivered,2024-11-26 02:52:00
864,3,cancelled,2025-04-14 02:33:00
865,57,delivered,2024-04-11 22:02:00
866,16,placed,2024-02-17 11:19:00
867,22,delivered,2024-08-24 01:43:00
868,64,placed,2024-08-09 13:28:00
869,23,shipped,2024-12-15 14:33:00
870,36,shipped,2025-04-10 06:23:00
871,5,delivered,2025-03-28 05:04:00
872,83,shipped,2024-11-11 08:23:00
873,62,placed,2024-07-29 18:47:00
874,18,shipped,2024-05-23 13:04:00
875,32,delivered,2024-11-25 17:56:00
876,102,placed,2025-02-14 18:33:00
877,62,delivered,2024-07-14 12:15:00
878,117,delivered,2024-09-05 11:44:00
879,35,placed,2024-06-13 13:15:00
880,29,placed,2024-06-12 20:22:00
881,8,delivered,2025-02-19 09:35:00
882,46,delivered,2024-08-29 18:04:00
883,13,shipped,2024-04-29 05:26:00
884,69,delivered,2024-05-03 09:05:00
885,98,cancelled,2025-04-14 01:54:00
886,109,cancelled,2024-04-22 19:39:00
887,120,delivered,2024-07-17 12:06:00
888,23,shipped,2025-03-08 05:55:00
889,46,delivered,2024-06-11 23:48:00
890,46,delivered,2024-01-15 23:54:00
891,73,delivered,2024-10-15 04:51:00
892,70,shipped,2025-03-04 16:48:00
893,12,placed,2024-09-08 01:17:00
894,3,delivered,2024-11-04 07:28:00
895,118,delivered,2024-01-01 11:19:00
896,44,delivered,2025-02-16 04:27:00
897,8,placed,2025-04-15 11:02:00
898,100,placed,2024-10-27 04:50:00
899,10,shipped,2024-09-26 12:27:00
900,51,delivered,2025-04-27 22:36:00
901,42,placed,2024-06-21 10:18:00
902,102,delivered,2024-03-21 14:54:00
903,41,placed,2024-09-06 22:09:00
904,89,delivered,2025-05-10 19:10:00
905,29,delivered,2024-11-10 12:10:00
906,49,shipped,2025-02-21 05:59:00
907,17,placed,2024-12-18 10:03:00
908,74,shipped,2024-01-01 23:57:00
909,5,placed,2025-01-29 19:22:00
910,29,delivered,2024-06-11 20:52:00
911,19,shipped,2024-02-23 16:56:00
912,45,cancelled,2024-02-09 08:07:00
913,114,cancelled,2024-03-26 21:42:00
914,82,delivered,2025-02-24 22:52:00
915,2,shipped,2024-06-20 15:14:00
916,9,shipped,2024-05-07 23:39:00
917,93,placed,2025-02-06 03:41:00
918,94,shipped,2024-07-16 14:57:00
919,64,delivered,2024-03-26 14:07:00
920,49,placed,2024-06-28 18:38:00
921,84,delivered,2024-09-02 19:43:00
922,58,placed,2024-04-25 05:33:00
923,38,placed,2025-03-09 01:08:00
924,10,shipped,2024-05-13 03:34:00
925,21,delivered,2025-03-30 12:48:00
926,44,delivered,2024-10-07 03:10:00
927,91,placed,2024-11-10 16:28:00
928,22,delivered,2025-04-27 22:18:00
929,7,placed,2024-08-10 05:21:00
930,53,delivered,2024-04-15 06:29:00
931,34,delivered,2025-01-04 18:26:00
932,13,placed,2024-06-01 08:06:00
933,108,delivered,2024-10-19 18:45:00
934,1,shipped,2024-01-28 12:18:00
935,81,delivered,2024-05-30 22:35:00
936,4,shipped,2024-04-12 03:18:00
937,11,delivered,2024-11-22 09:57:00
938,101,shipped,2024-02-29 10:31:00
939,34,placed,2024-09-07 22:33:00
940,24,shipped,2024-10-05 13:13:00
941,24,shipped,2024-07-14 12:36:00
942,60,shipped,2024-05-14 15:00:00
943,73,placed,2025-03-04 09:10:00
944,86,placed,2025-01-20 23:46:00
945,104,delivered,2024-12-08 11:44:00
946,30,delivered,2025-05-12 20:07:00
947,105,delivered,2025-03-06 13:12:00
948,88,delivered,2025-05-09 18:16:00
949,113,shipped,2024-08-31 19:32:00
950,51,delivered,2024-06-02 02:41:00
951,65,delivered,2024-12-31 01:11:00
952,87,cancelled,2024-09-21 19:30:00
953,97,shipped,2024-03-16 04:06:00
954,28,delivered,2025-04-30 05:42:00
955,55,placed,2024-03-05 01:27:00
956,26,cancelled,2024-12-15 14:51:00
957,107,delivered,2024-11-17 05:02:00
958,12,shipped,2024-06-12 02:17:00
959,42,delivered,2024-07-22 18:50:00
960,118,delivered,2024-09-23 15:38:00
961,80,delivered,2025-02-06 23:54:00
962,15,shipped,2025-02-04 14:19:00
963,76,delivered,2024-03-16 19:20:00
964,119,placed,2025-05-08 03:25:00
965,101,shipped,2025-02-03 03:26:00
966,113,shipped,2024-10-01 11:44:00
967,63,delivered,2024-07-15 22:21:00
968,23,shipped,2024-08-30 01:16:00
969,78,delivered,2024-03-14 21:06:00
970,51,delivered,2024-07-24 01:19:00
971,31,placed,2024-06-18 23:34:00
972,115,shipped,2024-08-31 09:10:00
973,40,shipped,2024-06-21 10:20:00
974,88,placed,2024-09-08 23:45:00
975,18,shipped,2025-03-20 07:46:00
976,100,delivered,2025-01-15 15:07:00
977,78,delivered,2024-05-17 14:13:00
978,28,delivered,2024-04-06 15:04:00
979,98,delivered,2024-07-27 16:32:00
980,66,delivered,2024-07-10 01:55:00
981,91,delivered,2024-02-03 10:37:00
982,113,delivered,2024-03-10 17:53:00
983,113,delivered,2024-03-29 06:34:00
984,32,placed,2025-03-04 01:58:00
985,91,placed,2024-01-26 12:18:00
986,65,shipped,2024-07-07 15:50:00
987,88,placed,2025-04-17 04:13:00
988,77,shipped,2024-07-09 16:41:00
989,76,delivered,2025-05-06 16:11:00
990,108,delivered,2024-06-25 05:34:00
991,12,shipped,2025-01-18 23:30:00
992,21,delivered,2024-07-16 01:41:00
993,110,shipped,2025-02-03 07:18:00
994,27,shipped,2024-04-25 23:07:00
995,3,delivered,2024-07-28 17:31:00
996,2,delivered,2025-05-10 23:17:00
997,23,delivered,2024-03-08 22:05:00
998,33,delivered,2024-01-05 07:38:00
999,92,cancelled,2025-04-27 10:25:00
1000,55,delivered,2024-11-25 09:23:00
1001,59,shipped,2025-03-12 11:54:00
1002,87,delivered,2024-08-26 10:18:00
1003,75,placed,2024-11-15 13:33:00
1004,108,delivered,2024-09-18 22:36:00
1005,77,delivered,2024-10-14 22:05:00
1006,14,delivered,2024-06-01 23:21:00
1007,82,shipped,2024-06-21 09:26:00
1008,84,delivered,2024-05-21 08:54:00
1009,39,placed,2025-04-01 22:14:00
1010,116,placed,2024-09-21 08:12:00
1011,52,delivered,2025-03-14 20:28:00
1012,93,placed,2024-12-14 04:46:00
1013,34,delivered,2024-09-11 10:05:00
1014,95,placed,2024-07-26 13:15:00
1015,105,placed,2024-12-28 19:31:00
1016,88,delivered,2025-01-06 07:35:00
1017,117,delivered,2025-02-05 16:14:00
1018,39,delivered,2024-07-02 17:18:00
1019,113,delivered,2025-03-06 22:26:00
1020,61,placed,2024-05-30 03:19:00
1021,98,delivered,2024-05-12 19:04:00
1022,116,shipped,2025-04-29 23:12:00
1023,46,shipped,2024-02-15 07:35:00
1024,54,delivered,2025-03-22 10:28:00
1025,34,delivered,2024-06-18 12:41:00
1026,61,placed,2024-08-25 04:01:00
1027,75,delivered,2024-11-20 19:55:00
1028,114,placed,2024-02-06 16:07:00
1029,49,delivered,2024-03-02 23:14:00
1030,112,delivered,2024-07-30 01:50:00
1031,44,shipped,2024-03-11 06:50:00
1032,19,shipped,2024-10-18 15:37:00
1033,100,placed,2025-01-01 06:09:00
1034,23,shipped,2024-06-19 21:32:00
1035,58,shipped,2024-01-30 00:09:00
1036,74,delivered,2025-01-24 05:45:00
1037,17,delivered,2024-09-07 03:00:00
1038,52,shipped,2024-11-20 14:39:00
1039,1,placed,2024-09-01 13:05:00
1040,2,delivered,2024-04-12 12:44:00
1041,25,placed,2025-01-22 18:07:00
1042,94,shipped,2024-01-03 21:23:00
1043,40,placed,2024-12-21 11:45:00
1044,76,shipped,2024-07-15 17:10:00
1045,39,delivered,2024-02-03 01:33:00
1046,77,delivered,2024-08-21 17:45:00
1047,18,shipped,2024-08-10 23:26:00
1048,46,delivered,2025-04-06 16:43:00
1049,3,shipped,2024-03-25 13:46:00
1050,28,delivered,2025-01-07 04:28:00
1051,22,placed,2024-10-28 17:13:00
1052,102,placed,2024-12-30 22:12:00
1053,33,delivered,2025-03-24 21:51:00
1054,77,cancelled,2024-11-15 01:39:00
1055,84,delivered,2024-12-04 03:41:00
1056,15,shipped,2024-01-25 23:32:00
1057,71,shipped,2024-07-13 04:13:00
1058,27,delivered,2024-12-25 05:13:00
1059,39,shipped,2024-11-18 00:19:00
1060,67,shipped,2024-02-21 22:36:00
1061,18,shipped,2024-11-06 23:55:00
1062,66,delivered,2025-04-05 03:34:00
1063,15,delivered,2024-03-01 09:38:00
1064,78,placed,2024-09-11 06:46:00
1065,26,shipped,2024-05-14 17:51:00
1066,21,placed,2024-07-28 10:04:00
1067,89,delivered,2024-09-11 07:05:00
1068,1,placed,2024-06-18 08:00:00
1069,107,delivered,2024-02-15 03:46:00
1070,12,delivered,2024-09-09 05:05:00
1071,116,shipped,2024-02-08 03:27:00
1072,38,shipped,2024-04-28 15:35:00
1073,105,placed,2024-01-26 03:24:00
1074,47,delivered,2024-01-21 09:55:00
1075,95,placed,2024-06-09 14:32:00
1076,2,delivered,2025-03-11 01:33:00
1077,22,shipped,2024-12-05 22:05:00
1078,80,shipped,2025-04-02 14:56:00
1079,48,delivered,2025-01-10 03:10:00
1080,52,shipped,2024-04-03 03:53:00
1081,107,shipped,2024-08-21 09:16:00
1082,103,shipped,2025-03-11 16:19:00
1083,15,placed,2025-03-29 05:41:00
1084,109,placed,2025-01-06 02:00:00
1085,62,delivered,2024-08-01 20:09:00
1086,24,delivered,2024-12-13 14:57:00
1087,79,placed,2025-02-02 12:14:00
1088,62,delivered,2024-12-16 04:27:00
1089,57,placed,2024-02-27 14:02:00
1090,41,placed,2024-05-13 22:21:00
1091,68,delivered,2025-03-20 23:08:00
1092,29,cancelled,2024-10-22 19:17:00
1093,67,delivered,2024-12-08 11:32:00
1094,13,shipped,2024-12-24 21:06:00
1095,62,shipped,2025-01-07 08:29:00
1096,50,placed,2024-12-12 21:53:00
1097,115,cancelled,2025-02-27 19:03:00
1098,83,delivered,2024-01-28 00:23:00
1099,110,delivered,2024-09-15 16:01:00
1100,97,delivered,2024-03-25 02:33:00
1101,36,placed,2024-05-03 11:17:00
1102,83,shipped,2024-04-24 18:47:00
1103,11,delivered,2025-02-22 08:01:00
1104,58,placed,2025-02-14 19:33:00
1105,41,placed,2024-09-12 15:15:00
1106,3,placed,2024-09-11 22:18:00
1107,72,delivered,2024-07-30 01:13:00
1108,102,delivered,2025-02-26 03:06:00
1109,39,delivered,2024-11-12 21:45:00
1110,84,delivered,2024-10-14 07:03:00
1111,47,delivered,2025-05-01 11:38:00
1112,109,delivered,2025-02-22 07:36:00
1113,77,delivered,2024-10-13 21:09:00
1114,92,delivered,2024-12-02 12:24:00
1115,29,placed,2024-02-19 22:29:00
1116,103,shipped,2024-06-30 21:37:00
1117,90,placed,2024-09-24 12:45:00
1118,64,placed,2025-04-04 05:36:00
1119,14,shipped,2025-01-02 13:58:00
1120,16,delivered,2024-04-10 06:24:00
1121,59,delivered,2024-07-20 07:21:00
1122,14,delivered,2024-04-07 11:32:00
1123,108,delivered,2024-01-24 21:36:00
1124,59,delivered,2024-03-04 15:22:00
1125,18,cancelled,2025-05-04 17:12:00
1126,95,placed,2024-01-03 18:06:00
1127,108,delivered,2025-04-23 14:46:00
1128,100,delivered,2025-04-18 17:21:00
1129,75,placed,2024-03-31 23:36:00
1130,14,shipped,2025-02-21 04:22:00
1131,113,shipped,2024-11-03 20:41:00
1132,54,cancelled,2025-03-27 13:07:00
1133,98,shipped,2025-04-13 23:38:00
1134,38,delivered,2024-07-22 11:42:00
1135,53,delivered,2024-03-09 04:42:00
1136,39,delivered,2025-03-29 17:29:00
1137,92,delivered,2024-10-07 10:42:00
1138,28,shipped,2024-10-10 21:35:00
1139,88,shipped,2024-11-15 09:55:00
1140,91,delivered,2024-12-10 04:31:00
1141,65,delivered,2025-05-05 06:04:00
1142,91,placed,2024-11-22 11:00:00
1143,62,delivered,2024-06-29 19:11:00
1144,91,shipped,2025-04-27 22:46:00
1145,37,delivered,2025-01-17 18:13:00
1146,67,placed,2024-08-04 00:26:00
1147,7,delivered,2024-07-14 04:57:00
1148,97,delivered,2024-04-12 09:06:00
1149,33,placed,2024-05-26 23:19:00
1150,101,shipped,2024-02-01 23:34:00
1151,5,shipped,2025-01-20 18:28:00
1152,79,delivered,2024-08-19 03:29:00
1153,111,shipped,2025-01-13 19:10:00
1154,50,shipped,2024-11-27 19:09:00
1155,37,delivered,2025-02-05 23:45:00
1156,50,shipped,2024-01-25 13:01:00
1157,41,cancelled,2025-02-07 23:23:00
1158,96,shipped,2024-01-28 00:26:00
1159,107,shipped,2024-11-13 15:07:00
1160,48,delivered,2024-11-20 22:06:00
1161,26,delivered,2024-10-06 20:35:00
1162,38,shipped,2025-05-08 06:36:00
1163,24,cancelled,2024-12-15 02:32:00
1164,16,shipped,2025-01-11 17:32:00
1165,72,shipped,2024-08-07 09:31:00
1166,109,shipped,2024-03-23 19:56:00
1167,91,delivered,2024-06-18 15:55:00
1168,119,shipped,2024-01-21 05:14:00
1169,79,delivered,2024-01-27 21:20:00
1170,102,delivered,2024-06-03 16:44:00
1171,101,delivered,2024-07-02 02:29:00
1172,24,delivered,2024-09-26 07:30:00
1173,21,shipped,2025-02-06 17:14:00
1174,12,shipped,2024-10-01 13:46:00
1175,85,shipped,2025-03-28 07:16:00
1176,28,cancelled,2024-07-03 10:01:00
1177,61,cancelled,2024-11-12 18:06:00
1178,2,placed,2025-02-25 22:09:00
1179,31,delivered,2024-06-26 15:12:00
1180,32,cancelled,2024-11-10 21:12:00
1181,49,delivered,2024-12-15 10:57:00
1182,50,shipped,2025-04-28 03:52:00
1183,4,delivered,2025-01-05 09:39:00
1184,66,delivered,2025-02-24 12:47:00
1185,6,shipped,2024-08-16 16:36:00
1186,42,delivered,2024-11-29 06:34:00
1187,22,cancelled,2025-04-30 03:16:00
1188,69,placed,2025-01-30 18:21:00
1189,86,delivered,2024-02-03 07:11:00
1190,55,delivered,2024-04-19 23:23:00
1191,107,delivered,2024-04-15 18:21:00
1192,83,delivered,2025-05-14 14:51:00
1193,20,placed,2024-02-06 23:25:00
1194,5,placed,2025-01-02 11:19:00
1195,102,shipped,2024-01-28 06:04:00
1196,106,shipped,2024-02-06 19:37:00
1197,50,delivered,2024-05-12 13:54:00
1198,41,placed,2024-07-26 14:46:00
1199,69,placed,2024-12-10 04:02:00
1200,9,delivered,2025-01-03 21:06:00
